{
  "resource_uri": "https://www.courtlistener.com/api/rest/v3/opinions/4408667/",
  "id": 4408667,
  "absolute_url": "/opinion/4631414/mcdonough-v-smith/",
  "cluster": "https://www.courtlistener.com/api/rest/v3/clusters/4631414/",
  "author": "https://www.courtlistener.com/api/rest/v3/people/3045/",
  "joined_by": [],
  "author_str": "",
  "per_curiam": false,
  "joined_by_str": "",
  "date_created": "2019-06-20T16:00:45.551790Z",
  "date_modified": "2020-03-03T13:11:05.577935Z",
  "type": "010combined",
  "sha1": "96617905910b539dd4d2fe8761844007aee13365",
  "page_count": null,
  "download_url": "https://www.supremecourt.gov/opinions/18pdf/18-485_g2bh.pdf",
  "local_path": "pdf/2019/06/20/mcdonough_v._smith.pdf",
  "plain_text": "",
  "html": "",
  "html_lawbox": "",
  "html_columbia": "",
  "xml_harvard": "",
  "html_with_citations": "",
  "extracted_by_ocr": false,
  "opinions_cited": []
}