{
  "resource_uri": "https://www.courtlistener.com/api/rest/v3/opinions/89762/",
  "id": 89762,
  "absolute_url": "/opinion/89762/glue-co-v-upton/",
  "cluster": "https://www.courtlistener.com/api/rest/v3/clusters/89762/",
  "author": "https://www.courtlistener.com/api/rest/v3/people/1050/",
  "joined_by": [],
  "author_str": "",
  "per_curiam": false,
  "joined_by_str": "",
  "date_created": "2010-04-28T16:02:14Z",
  "date_modified": "2020-02-21T20:53:53.840929Z",
  "type": "010combined",
  "sha1": "83c2a01324490aaf1ebf5a6a85ea650655f08ba2",
  "page_count": null,
  "download_url": null,
  "local_path": null,
  "plain_text": "",
  "html": "<p class=\"case_cite\">97 U.S. 3</p>\n    <p class=\"case_cite\">24 L.Ed. 985</p>\n    <p class=\"parties\">GLUE COMPANY<br>v.<br>UPTON.</p>\n    <p class=\"date\">October Term, 1877</p>\n    <div class=\"prelims\">\n      <p class=\"indent\">APPEAL from the Circuit Court of the United States for the District of Massachusetts.</p>\n      <p class=\"indent\">This is a suit in equity by the Milligan and Higgins Glue Company, against George Upton, for the alleged infringement of reissued letters-patent No. 4072, for an improvement in the manufacture of glue, granted July 12, 1870, to Thomas P. Milligan and Thomas Higgins, assignees of Emerson Goddard, upon the surrender and cancellation of original letters-patent No. 44,528, issued to the latter Oct. 4, 1864. The complainant is the assignee of Milligan and Higgins. The bill prays for an injunction, and for an account of the defendant's gains and profits arising from the manufacture and sale of the patented article. Upon hearing, the court below dismissed the bill, whereupon the complainant appealed here. The facts relating to the alleged invention are stated in the opinion of the court.</p>\n      <p class=\"indent\">The case was argued by <i>Mr. Edmund Wetmore</i> for the appellant.</p>\n      <p class=\"indent\">The court declined to hear <i>Mr. George L. Roberts</i> and <i>Mr. Chauncey Smith</i> for the appellee.</p>\n      <p class=\"indent\">MR. JUSTICE FIELD delivered the opinion of the court.</p>\n    </div>\n    <div class=\"num\" id=\"p1\">\n      <span class=\"num\">1</span>\n      <p class=\"indent\">In the court below, the defendant questioned the validity of the surrender of the original patent and of the reissue; but, from the view we take of the alleged invention or discovery, it is unnecessary to consider this point. We shall treat the reissue as for the same invention or discovery, differing in no substantial particular from that originally patented. In the specification accompanying the reissue, the patentee states that he has invented a new and useful article, which he denominates 'instantaneous or comminuted glue;' and then proceeds to describe the glue of commerce previously found in the market, and to point out the inconveniences attending its use, and the manner in which they are obviated by his invention. He states that the ordinary glue of commerce was then sold in the form of hard, angular flakes, and that it required a good deal of time to prepare it for use,&#8212;first by soaking it in cold water, and afterwards by heating it in a hot-water bath until the flakes were dissolved. The time thus occupied, he says, is saved by his invention, as his article does not require to be prepared for solution by soaking, is quickly permeated by water, so that it can be dissolved in large quantities ready for mechanical use in less than five minutes, and in smaller quantities for domestic use in less than one minute. Another objection stated to the glue of commerce as previously sold is, that great inconvenience was experienced in retailing it, from the difficulty of putting it up in small packages, by reason of the sharp, angular corners and edges of the broken flakes, which cut the wrappers, causing a waste of time and stock. The new article, he says, can be put up by machinery or by hand into packages of uniform size and of regular form and weight, similar to those in which ground spices are put up for domestic use, and sold by retail traders. He also states that the new article has a more pleasing appearance than the ordinary glue of commerce, in that it has a white color, and is consequently more merchantable, and brings a higher price.</p>\n    </div>\n    <div class=\"num\" id=\"p2\">\n      <span class=\"num\">2</span>\n      <p class=\"indent\">The specification then proceeds to describe the best process which the inventor has devised for making such instantaneous glue, and the apparatus or machinery he has used. These consist of a breaking machine, for crushing the flakes into small pieces, and of a rasping or grating machine, for comminuting the broken pieces into uniform grains. But for these mechanical means or processes the patentee makes no claim, observing, that it is obvious that other means or processes of crushing or reduction may be used to manufacture his article out of dry flake glue or gelatine by a crushing or breaking operation, and that his claim is only to the comminuted glue as a new article of manufacture.</p>\n    </div>\n    <div class=\"num\" id=\"p3\">\n      <span class=\"num\">3</span>\n      <p class=\"indent\">It thus appears that the invention claimed is not any new combination of ingredients, creating a different product, or any new mechanical means by which a desirable change in the form of a common article of commerce is obtained; but it consists only of the ordinary flake glue reduced to small particles by mechanical division. The advantages from such division consist in its more ready and rapid solution, its greater convenience for packing and retailing, and its whiter appearance and enhanced salableness. The whole claim is to an old article of commerce in a state of mechanical division greater than previously used, but unchanged in composition and properties; and the benefits arising from the increased division are such as appertain to every soluble substance when divided into minute particles.</p>\n    </div>\n    <div class=\"num\" id=\"p4\">\n      <span class=\"num\">4</span>\n      <p class=\"indent\">This statement, which is substantially a repetition in a condensed form of that by counsel, is supported by reference to numerous instances where similar results have followed the mechanical division of soluble objects into small particles; but we do not deem it necessary to mention them, for the point involved presents no difficulty. There is nothing new in the fact that the solution of a soluble substance is accelerated by increasing its fragmentary division; nor is there any thing new in the fact that articles with rough angles and edges can be more readily put up into packages without injury to their wrappers when reduced by mechanical division into small particles; nor is there any thing new in the fact that such articles generally improve in appearance by granulation or powdering.</p>\n    </div>\n    <div class=\"num\" id=\"p5\">\n      <span class=\"num\">5</span>\n      <p class=\"indent\">A distinction must be observed between a new article of commerce and a new article which, as such, is patentable. Any change in form from a previous condition may render the article new in commerce; as powdered sugar is a different article in commerce from loaf sugar, and ground coffee is a different article in commerce from coffee in the berry. But to render the article new in the sense of the patent law, it must be more or less efficacious, or possess new properties by a combination with other ingredients; not from a mere change of form produced by a mechanical division. It is only where one of these results follows that the product of the compound can be treated as the result of invention or discovery, and be regarded as a new and useful article. The three advantages attributed to comminuted glue over the flake glue were, previous to the alleged invention of Goddard, recognized as following from a division of soluble objects into small particles, in the treatment of a great variety of articles in constant use in the kitchens of families, and in pharmacy. Where certain properties are known to belong generally to classes of articles, there can be no invention in putting a new species of the class in a condition for the development of its properties similar to that in which other species of the same class have been placed for similar development; nor can the changed form of the article from its condition in bulk to small particles, by breaking or bruising or slicing or rasping or filing or grinding or sifting, or other similar mechanical means, make it a new article, in the sense of the patent law.</p>\n    </div>\n    <div class=\"num\" id=\"p6\">\n      <span class=\"num\">6</span>\n      <p class=\"indent\">This subject is elaborately considered by the presiding justice of the Circuit Court, in his opinion, with reference to numerous adjudications of the courts of England and the United States; and in his conclusion on this point we concur.</p>\n    </div>\n    <div class=\"num\" id=\"p7\">\n      <span class=\"num\">7</span>\n      <p class=\"indent\"><i>Decree affirmed</i>.</p>\n    </div>\n    ",
  "html_lawbox": "<div>\n<center><b>97 U.S. 3 (____)</b></center>\n<center><h1>GLUE COMPANY<br>\nv.<br>\nUPTON.</h1></center>\n<center><p><b>Supreme Court of United States.</b></p></center>\n<center></center>\n<p><span class=\"star-pagination\">*4</span> The case was argued by Mr. Edmund Wetmore for the appellant.</p>\n<p>The court declined to hear Mr. George L. Roberts and Mr. Chauncey Smith for the appellee.</p>\n<p>MR. JUSTICE FIELD delivered the opinion of the court.</p>\n<p>In the court below, the defendant questioned the validity of the surrender of the original patent and of the reissue; but, from the view we take of the alleged invention or discovery, it is unnecessary to consider this point. We shall treat the reissue as for the same invention or discovery, differing in no substantial particular from that originally patented. In the specification accompanying the reissue, the patentee states that he has invented a new and useful article, which he denominates \"instantaneous or comminuted glue;\" and then proceeds to describe the glue of commerce previously found in the market, and to point out the inconveniences attending its use, and the manner in which they are obviated by his invention. He states that the ordinary glue of commerce was then sold in the form of hard, angular flakes, and that it required a good deal of time to prepare it for use,  first by soaking it in cold water, and afterwards by heating it in a hot-water bath until the flakes were dissolved. The time thus occupied, he says, <span class=\"star-pagination\">*5</span> is saved by his invention, as his article does not require to be prepared for solution by soaking, is quickly permeated by water, so that it can be dissolved in large quantities ready for mechanical use in less than five minutes, and in smaller quantities for domestic use in less than one minute. Another objection stated to the glue of commerce as previously sold is, that great inconvenience was experienced in retailing it, from the difficulty of putting it up in small packages, by reason of the sharp, angular corners and edges of the broken flakes, which cut the wrappers, causing a waste of time and stock. The new article, he says, can be put up by machinery or by hand into packages of uniform size and of regular form and weight, similar to those in which ground spices are put up for domestic use, and sold by retail traders. He also states that the new article has a more pleasing appearance than the ordinary glue of commerce, in that it has a white color, and is consequently more merchantable, and brings a higher price.</p>\n<p>The specification then proceeds to describe the best process which the inventor has devised for making such instantaneous glue, and the apparatus or machinery he has used. These consist of a breaking machine, for crushing the flakes into small pieces, and of a rasping or grating machine, for comminuting the broken pieces into uniform grains. But for these mechanical means or processes the patentee makes no claim, observing, that it is obvious that other means or processes of crushing or reduction may be used to manufacture his article out of dry flake glue or gelatine by a crushing or breaking operation, and that his claim is only to the comminuted glue as a new article of manufacture.</p>\n<p>It thus appears that the invention claimed is not any new combination of ingredients, creating a different product, or any new mechanical means by which a desirable change in the form of a common article of commerce is obtained; but it consists only of the ordinary flake glue reduced to small particles by mechanical division. The advantages from such division consists in its more ready and rapid solution, its greater convenience for packing and retailing, and its whiter appearance and enhanced salableness. The whole claim is to an old article of commerce in a state of mechanical division greater than previously <span class=\"star-pagination\">*6</span> used, but unchanged in composition and properties; and the benefits arising from the increased division are such as appertain to every soluble substance when divided into minute particles.</p>\n<p>This statement, which is substantially a repetition in a condensed form of that by counsel, is supported by reference to numerous instances where similar results have followed the mechanical division of soluble objects into small particles; but we do not deem it necessary to mention them, for the point involved presents no difficulty. There is nothing new in the fact that the solution of a soluble substance is accelerated by increasing its fragmentary division; nor is there any thing new in the fact that articles with rough angles and edges can be more readily put up into packages without injury to their wrappers when reduced by mechanical division into small particles; nor is there any thing new in the fact that such articles generally improve in appearance by granulation or powdering.</p>\n<p>A distinction must be observed between a new article of commerce and a new article which, as such, is patentable. Any change in form from a previous condition may render the article new in commerce; as powdered sugar is a different article in commerce from loaf sugar, and ground coffee is a different article in commerce from coffee in the berry. But to render the article new in the sense of the patent law, it must be more or less efficacious, or possess new properties by a combination with other ingredients; not from a mere change of form produced by a mechanical division. It is only where one of these results follows that the product of the compound can be treated as the result of invention or discovery, and be regarded as a new and useful article. The three advantages attributed to comminuted glue over the flake glue were, previous to the alleged invention of Goddard, recognized as following from a division of soluble objects into small particles, in the treatment of a great variety of articles in constant use in the kitchens of families, and in pharmacy. Where certain properties are known to belong generally to classes of articles, there can be no invention in putting a new species of the class in a condition for the development of its properties similar to <span class=\"star-pagination\">*7</span> that in which other species of the same class have been placed for similar development; nor can the changed form of the article from its condition in bulk to small particles, by breaking or bruising or slicing or rasping or filing or grinding or sifting, or other similar mechanical means, make it a new article, in the sense of the patent law.</p>\n<p>This subject is elaborately considered by the presiding justice of the Circuit Court, in his opinion, with reference to numerous adjudications of the courts of England and the United States; and in his conclusion on this point we concur.</p>\n<p>Decree affirmed.</p>\n</div>",
  "html_columbia": "",
  "xml_harvard": "",
  "html_with_citations": "<div>\n<center><b><span class=\"citation no-link\"><span class=\"volume\">97</span> <span class=\"reporter\">U.S.</span> <span class=\"page\">3</span> </span>(____)</b></center>\n<center><h1>GLUE COMPANY<br>\nv.<br>\nUPTON.</h1></center>\n<center><p><b>Supreme Court of United States.</b></p></center>\n<center></center>\n<p><span class=\"star-pagination\">*4</span> The case was argued by Mr. Edmund Wetmore for the appellant.</p>\n<p>The court declined to hear Mr. George L. Roberts and Mr. Chauncey Smith for the appellee.</p>\n<p>MR. JUSTICE FIELD delivered the opinion of the court.</p>\n<p>In the court below, the defendant questioned the validity of the surrender of the original patent and of the reissue; but, from the view we take of the alleged invention or discovery, it is unnecessary to consider this point. We shall treat the reissue as for the same invention or discovery, differing in no substantial particular from that originally patented. In the specification accompanying the reissue, the patentee states that he has invented a new and useful article, which he denominates \"instantaneous or comminuted glue;\" and then proceeds to describe the glue of commerce previously found in the market, and to point out the inconveniences attending its use, and the manner in which they are obviated by his invention. He states that the ordinary glue of commerce was then sold in the form of hard, angular flakes, and that it required a good deal of time to prepare it for use,  first by soaking it in cold water, and afterwards by heating it in a hot-water bath until the flakes were dissolved. The time thus occupied, he says, <span class=\"star-pagination\">*5</span> is saved by his invention, as his article does not require to be prepared for solution by soaking, is quickly permeated by water, so that it can be dissolved in large quantities ready for mechanical use in less than five minutes, and in smaller quantities for domestic use in less than one minute. Another objection stated to the glue of commerce as previously sold is, that great inconvenience was experienced in retailing it, from the difficulty of putting it up in small packages, by reason of the sharp, angular corners and edges of the broken flakes, which cut the wrappers, causing a waste of time and stock. The new article, he says, can be put up by machinery or by hand into packages of uniform size and of regular form and weight, similar to those in which ground spices are put up for domestic use, and sold by retail traders. He also states that the new article has a more pleasing appearance than the ordinary glue of commerce, in that it has a white color, and is consequently more merchantable, and brings a higher price.</p>\n<p>The specification then proceeds to describe the best process which the inventor has devised for making such instantaneous glue, and the apparatus or machinery he has used. These consist of a breaking machine, for crushing the flakes into small pieces, and of a rasping or grating machine, for comminuting the broken pieces into uniform grains. But for these mechanical means or processes the patentee makes no claim, observing, that it is obvious that other means or processes of crushing or reduction may be used to manufacture his article out of dry flake glue or gelatine by a crushing or breaking operation, and that his claim is only to the comminuted glue as a new article of manufacture.</p>\n<p>It thus appears that the invention claimed is not any new combination of ingredients, creating a different product, or any new mechanical means by which a desirable change in the form of a common article of commerce is obtained; but it consists only of the ordinary flake glue reduced to small particles by mechanical division. The advantages from such division consists in its more ready and rapid solution, its greater convenience for packing and retailing, and its whiter appearance and enhanced salableness. The whole claim is to an old article of commerce in a state of mechanical division greater than previously <span class=\"star-pagination\">*6</span> used, but unchanged in composition and properties; and the benefits arising from the increased division are such as appertain to every soluble substance when divided into minute particles.</p>\n<p>This statement, which is substantially a repetition in a condensed form of that by counsel, is supported by reference to numerous instances where similar results have followed the mechanical division of soluble objects into small particles; but we do not deem it necessary to mention them, for the point involved presents no difficulty. There is nothing new in the fact that the solution of a soluble substance is accelerated by increasing its fragmentary division; nor is there any thing new in the fact that articles with rough angles and edges can be more readily put up into packages without injury to their wrappers when reduced by mechanical division into small particles; nor is there any thing new in the fact that such articles generally improve in appearance by granulation or powdering.</p>\n<p>A distinction must be observed between a new article of commerce and a new article which, as such, is patentable. Any change in form from a previous condition may render the article new in commerce; as powdered sugar is a different article in commerce from loaf sugar, and ground coffee is a different article in commerce from coffee in the berry. But to render the article new in the sense of the patent law, it must be more or less efficacious, or possess new properties by a combination with other ingredients; not from a mere change of form produced by a mechanical division. It is only where one of these results follows that the product of the compound can be treated as the result of invention or discovery, and be regarded as a new and useful article. The three advantages attributed to comminuted glue over the flake glue were, previous to the alleged invention of Goddard, recognized as following from a division of soluble objects into small particles, in the treatment of a great variety of articles in constant use in the kitchens of families, and in pharmacy. Where certain properties are known to belong generally to classes of articles, there can be no invention in putting a new species of the class in a condition for the development of its properties similar to <span class=\"star-pagination\">*7</span> that in which other species of the same class have been placed for similar development; nor can the changed form of the article from its condition in bulk to small particles, by breaking or bruising or slicing or rasping or filing or grinding or sifting, or other similar mechanical means, make it a new article, in the sense of the patent law.</p>\n<p>This subject is elaborately considered by the presiding justice of the Circuit Court, in his opinion, with reference to numerous adjudications of the courts of England and the United States; and in his conclusion on this point we concur.</p>\n<p>Decree affirmed.</p>\n</div>",
  "extracted_by_ocr": false,
  "opinions_cited": []
}