{
  "resource_uri": "https://www.courtlistener.com/api/rest/v3/opinions/4731065/",
  "id": 4731065,
  "absolute_url": "/opinion/4923927/state-v-abraham/",
  "cluster": "https://www.courtlistener.com/api/rest/v3/clusters/4923927/",
  "author": null,
  "joined_by": [],
  "date_created": "2021-08-11T19:55:47.746951-07:00",
  "date_modified": "2021-08-11T19:55:47.746974-07:00",
  "author_str": "",
  "per_curiam": false,
  "joined_by_str": "",
  "type": "070rehearing",
  "sha1": "",
  "page_count": null,
  "download_url": null,
  "local_path": null,
  "plain_text": "",
  "html": "",
  "html_lawbox": "",
  "html_columbia": "",
  "html_anon_2020": "",
  "xml_harvard": "<opinion type=\"rehearing\">\n<p id=\"b654-6\">On Rehearing.</p>\n</opinion>",
  "html_with_citations": "",
  "extracted_by_ocr": true,
  "opinions_cited": []
}