{
  "resource_uri": "https://www.courtlistener.com/api/rest/v3/opinions/125804/",
  "id": 125804,
  "absolute_url": "/opinion/125804/perez-v-united-states/",
  "cluster": "https://www.courtlistener.com/api/rest/v3/clusters/125804/",
  "author": null,
  "joined_by": [],
  "author_str": "",
  "per_curiam": false,
  "joined_by_str": "",
  "date_created": "2010-04-28T17:22:37Z",
  "date_modified": "2020-02-21T22:24:31.914259Z",
  "type": "010combined",
  "sha1": "cb937d224af5426988f6916fd6e1568ab45f4f64",
  "page_count": null,
  "download_url": "http://bulk.resource.org/courts.gov/c/US/537/537.US.1077.02-7254.html",
  "local_path": null,
  "plain_text": "",
  "html": "<p class=\"case_cite\">537 U.S. 1077</p>\n    <p class=\"parties\">PEREZ<br>v.<br>UNITED STATES.</p>\n    <p class=\"docket\">No. 02-7254.</p>\n    <p class=\"court\">Supreme Court of United States.</p>\n    <p class=\"date\">December 9, 2002.</p>\n    <div class=\"num\" id=\"p1\">\n      <span class=\"num\">1</span>\n      <p class=\"indent\">CERTIORARI TO THE UNITED STATES COURT OF APPEALS FOR THE ELEVENTH CIRCUIT.</p>\n    </div>\n    <div class=\"num\" id=\"p2\">\n      <span class=\"num\">2</span>\n      <p class=\"indent\">C. A. 11th Cir. Certiorari denied. Reported below: 45 Fed. Appx. 876.</p>\n    </div>\n    ",
  "html_lawbox": "",
  "html_columbia": "",
  "xml_harvard": "",
  "html_with_citations": "<p class=\"case_cite\"><span class=\"citation no-link\"><span class=\"volume\">537</span> <span class=\"reporter\">U.S.</span> <span class=\"page\">1077</span></span></p>\n    <p class=\"parties\">PEREZ<br>v.<br>UNITED STATES.</p>\n    <p class=\"docket\">No. 02-7254.</p>\n    <p class=\"court\">Supreme Court of United States.</p>\n    <p class=\"date\">December 9, 2002.</p>\n    <div class=\"num\" id=\"p1\">\n      <span class=\"num\">1</span>\n      <p class=\"indent\">CERTIORARI TO THE UNITED STATES COURT OF APPEALS FOR THE ELEVENTH CIRCUIT.</p>\n    </div>\n    <div class=\"num\" id=\"p2\">\n      <span class=\"num\">2</span>\n      <p class=\"indent\">C. A. 11th Cir. Certiorari denied. Reported below: 45 Fed. Appx. 876.</p>\n    </div>\n    ",
  "extracted_by_ocr": false,
  "opinions_cited": []
}