{
  "resource_uri": "https://www.courtlistener.com/api/rest/v3/opinions/141474/",
  "id": 141474,
  "absolute_url": "/opinion/141474/urban-v-hurley/",
  "cluster": "https://www.courtlistener.com/api/rest/v3/clusters/141474/",
  "author": null,
  "joined_by": [],
  "author_str": "",
  "per_curiam": false,
  "joined_by_str": "",
  "date_created": "2010-04-28T17:33:43Z",
  "date_modified": "2020-02-21T21:25:49.194090Z",
  "type": "010combined",
  "sha1": "cb82a37a90f456351d445e46a4a63606d3441391",
  "page_count": null,
  "download_url": "http://bulk.resource.org/courts.gov/c/US/543/543.US.1089.04-655.html",
  "local_path": null,
  "plain_text": "",
  "html": "<p class=\"case_cite\">543 U.S. 1089</p>\n    <p class=\"parties\">URBAN<br>v.<br>HURLEY.</p>\n    <p class=\"docket\">No. 04-655.</p>\n    <p class=\"court\">Supreme Court of United States.</p>\n    <p class=\"date\">January 18, 2005.</p>\n    <div class=\"num\" id=\"p1\">\n      <span class=\"num\">1</span>\n      <p class=\"indent\">C. A. 2d Cir. Certiorari denied.</p>\n    </div>\n    ",
  "html_lawbox": "",
  "html_columbia": "",
  "xml_harvard": "",
  "html_with_citations": "<p class=\"case_cite\"><span class=\"citation no-link\"><span class=\"volume\">543</span> <span class=\"reporter\">U.S.</span> <span class=\"page\">1089</span></span></p>\n    <p class=\"parties\">URBAN<br>v.<br>HURLEY.</p>\n    <p class=\"docket\">No. 04-655.</p>\n    <p class=\"court\">Supreme Court of United States.</p>\n    <p class=\"date\">January 18, 2005.</p>\n    <div class=\"num\" id=\"p1\">\n      <span class=\"num\">1</span>\n      <p class=\"indent\">C. A. 2d Cir. Certiorari denied.</p>\n    </div>\n    ",
  "extracted_by_ocr": false,
  "opinions_cited": []
}